{
  "total_samples": 200,
  "total_blocks": 200,
  "correct_samples": 187,
  "incorrect_samples": 13,
  "all_blocks": {
    "n": 200,
    "before_entropy_mean": 0.034128948592115196,
    "meta_entropy_mean": 0.003456438445891763,
    "after_entropy_mean": 0.0036401761634624564,
    "delta_entropy_mean": -0.030488772428652736,
    "delta_entropy_std": 0.032187973973679035,
    "before_surprisal_mean": 0.012276132511906325,
    "meta_surprisal_mean": 0.0010898090600659316,
    "after_surprisal_mean": 0.0005225946495556854,
    "delta_surprisal_mean": -0.01175353786235064,
    "delta_surprisal_std": 0.0294830319919442,
    "meta_length_tokens_mean": 6.81
  },
  "correct_blocks": {
    "n": 187,
    "before_entropy_mean": 0.03241230910743542,
    "meta_entropy_mean": 0.0025084624136206667,
    "after_entropy_mean": 0.0032015135726532872,
    "delta_entropy_mean": -0.029210795534782133,
    "delta_entropy_std": 0.03125274053069844,
    "before_surprisal_mean": 0.011173596798490863,
    "meta_surprisal_mean": 0.000341504472649505,
    "after_surprisal_mean": 0.0004125724170829498,
    "delta_surprisal_mean": -0.010761024381407913,
    "delta_surprisal_std": 0.029092453135389978,
    "meta_length_tokens_mean": 6.802139037433155
  },
  "incorrect_blocks": {
    "n": 13,
    "before_entropy_mean": 0.058822147333278105,
    "meta_entropy_mean": 0.01709270906394522,
    "after_entropy_mean": 0.00995016881587127,
    "delta_entropy_mean": -0.048871978517406836,
    "delta_entropy_std": 0.039090872754988265,
    "before_surprisal_mean": 0.0281356846971903,
    "meta_surprisal_mean": 0.01185388274059453,
    "after_surprisal_mean": 0.002105222147432729,
    "delta_surprisal_mean": -0.02603046254975757,
    "delta_surprisal_std": 0.03131045775105859,
    "meta_length_tokens_mean": 6.923076923076923
  },
  "all_samples": {
    "n": 200,
    "avg_before_entropy": 0.034128948592115196,
    "avg_meta_entropy": 0.003456438445891763,
    "avg_after_entropy": 0.0036401761634624564,
    "avg_delta": -0.030488772428652736,
    "avg_before_surprisal": 0.012276132511906325,
    "avg_meta_surprisal": 0.0010898090600659316,
    "avg_after_surprisal": 0.0005225946495556854,
    "avg_delta_surprisal": -0.01175353786235064,
    "full_sequence_entropy": 0.027147052420768886,
    "full_sequence_surprisal": 0.01794911878852872
  },
  "correct_sample_stats": {
    "n": 187,
    "avg_before_entropy": 0.03241230910743542,
    "avg_meta_entropy": 0.0025084624136206667,
    "avg_after_entropy": 0.0032015135726532872,
    "avg_delta": -0.029210795534782133,
    "avg_before_surprisal": 0.011173596798490863,
    "avg_meta_surprisal": 0.000341504472649505,
    "avg_after_surprisal": 0.0004125724170829498,
    "avg_delta_surprisal": -0.010761024381407913,
    "full_sequence_entropy": 0.025296429642799864,
    "full_sequence_surprisal": 0.01674701168574144
  },
  "incorrect_sample_stats": {
    "n": 13,
    "avg_before_entropy": 0.058822147333278105,
    "avg_meta_entropy": 0.01709270906394522,
    "avg_after_entropy": 0.00995016881587127,
    "avg_delta": -0.048871978517406836,
    "avg_before_surprisal": 0.0281356846971903,
    "avg_meta_surprisal": 0.01185388274059453,
    "avg_after_surprisal": 0.002105222147432729,
    "avg_delta_surprisal": -0.02603046254975757,
    "full_sequence_entropy": 0.05376754930386177,
    "full_sequence_surprisal": 0.03524096711323811
  },
  "config": {
    "model_path": "/scratch/models/verl_e21r_v2_0413_merged_step300",
    "eval_parquet": "results/eval_1030_meta_grpo_e21r_v2_step300_16k/meta_grpo_e21r_v2_step300_16k.parquet",
    "max_samples": 200,
    "window": 8,
    "max_seq_len": 20480,
    "dtype": "bfloat16",
    "marker_mode": "confidence",
    "elapsed_seconds": 10.2
  }
}