{
  "total_samples": 100,
  "total_blocks": 100,
  "correct_samples": 92,
  "incorrect_samples": 8,
  "all_blocks": {
    "n": 100,
    "before_entropy_mean": 0.19603498770156874,
    "meta_entropy_mean": 1.075973164231109,
    "after_entropy_mean": 1.4470426666736602,
    "delta_entropy_mean": 1.2510076789720914,
    "delta_entropy_std": 0.4412051595845515,
    "before_surprisal_mean": 4.067526504993439,
    "meta_surprisal_mean": 5.119234519004822,
    "after_surprisal_mean": 5.871948194503784,
    "delta_surprisal_mean": 1.8044216895103455,
    "delta_surprisal_std": 1.4011801902138565,
    "meta_length_tokens_mean": 31.18
  },
  "correct_blocks": {
    "n": 92,
    "before_entropy_mean": 0.18942572158488,
    "meta_entropy_mean": 1.0616196346353441,
    "after_entropy_mean": 1.4454321019027545,
    "delta_entropy_mean": 1.2560063803178745,
    "delta_entropy_std": 0.4522044707685133,
    "before_surprisal_mean": 4.080240516558938,
    "meta_surprisal_mean": 5.1641426190086035,
    "after_surprisal_mean": 5.8156420147937276,
    "delta_surprisal_mean": 1.7354014982347903,
    "delta_surprisal_std": 1.3917401347469347,
    "meta_length_tokens_mean": 30.934782608695652
  },
  "incorrect_blocks": {
    "n": 8,
    "before_entropy_mean": 0.27204154804348946,
    "meta_entropy_mean": 1.241038754582405,
    "after_entropy_mean": 1.4655641615390778,
    "delta_entropy_mean": 1.1935226134955883,
    "delta_entropy_std": 0.27939375121593596,
    "before_surprisal_mean": 3.921315371990204,
    "meta_surprisal_mean": 4.602791368961334,
    "after_surprisal_mean": 6.519469261169434,
    "delta_surprisal_mean": 2.5981538891792297,
    "delta_surprisal_std": 1.2576616335129802,
    "meta_length_tokens_mean": 34.0
  },
  "all_samples": {
    "n": 100,
    "avg_before_entropy": 0.19603498770156874,
    "avg_meta_entropy": 1.075973164231109,
    "avg_after_entropy": 1.4470426666736602,
    "avg_delta": 1.2510076789720914,
    "avg_before_surprisal": 4.067526504993439,
    "avg_meta_surprisal": 5.119234519004822,
    "avg_after_surprisal": 5.871948194503784,
    "avg_delta_surprisal": 1.8044216895103455,
    "full_sequence_entropy": 0.5858660131692887,
    "full_sequence_surprisal": 2.123726496696472
  },
  "correct_sample_stats": {
    "n": 92,
    "avg_before_entropy": 0.18942572158488,
    "avg_meta_entropy": 1.0616196346353441,
    "avg_after_entropy": 1.4454321019027545,
    "avg_delta": 1.2560063803178745,
    "avg_before_surprisal": 4.080240516558938,
    "avg_meta_surprisal": 5.1641426190086035,
    "avg_after_surprisal": 5.8156420147937276,
    "avg_delta_surprisal": 1.7354014982347903,
    "full_sequence_entropy": 0.5785837863450465,
    "full_sequence_surprisal": 2.128843006880387
  },
  "incorrect_sample_stats": {
    "n": 8,
    "avg_before_entropy": 0.27204154804348946,
    "avg_meta_entropy": 1.241038754582405,
    "avg_after_entropy": 1.4655641615390778,
    "avg_delta": 1.1935226134955883,
    "avg_before_surprisal": 3.921315371990204,
    "avg_meta_surprisal": 4.602791368961334,
    "avg_after_surprisal": 6.519469261169434,
    "avg_delta_surprisal": 2.5981538891792297,
    "full_sequence_entropy": 0.6696116216480732,
    "full_sequence_surprisal": 2.0648866295814514
  },
  "config": {
    "model_path": "/home/v-seungplee/metacognition/checkpoints/v6_clean_10k_E19",
    "eval_parquet": "results/eval_v8_E20a/eval_v8_meta_inside_E20a.parquet",
    "max_samples": 100,
    "window": 8,
    "max_seq_len": 8192,
    "dtype": "bfloat16",
    "elapsed_seconds": 8.5
  }
}