{
  "total_samples": 100,
  "total_blocks": 101,
  "correct_samples": 40,
  "incorrect_samples": 60,
  "all_blocks": {
    "n": 101,
    "before_entropy_mean": 1.023292828756984,
    "meta_entropy_mean": 0.7277575905914856,
    "after_entropy_mean": 0.6171115356506688,
    "delta_entropy_mean": -0.4061812931063152,
    "delta_entropy_std": 0.43375184705379966,
    "before_surprisal_mean": 0.6142627839183453,
    "meta_surprisal_mean": 0.43957928701915944,
    "after_surprisal_mean": 0.31739590617615987,
    "delta_surprisal_mean": -0.29686687774218545,
    "delta_surprisal_std": 0.7128987827600684,
    "meta_length_tokens_mean": 81.38613861386139
  },
  "correct_blocks": {
    "n": 41,
    "before_entropy_mean": 1.0419565013995984,
    "meta_entropy_mean": 0.7061912956648995,
    "after_entropy_mean": 0.5387006965352268,
    "delta_entropy_mean": -0.5032558048643717,
    "delta_entropy_std": 0.4598590368296482,
    "before_surprisal_mean": 0.6438692721833543,
    "meta_surprisal_mean": 0.42904771667005065,
    "after_surprisal_mean": 0.2739680383536147,
    "delta_surprisal_mean": -0.3699012338297396,
    "delta_surprisal_std": 0.7294334150288113,
    "meta_length_tokens_mean": 80.34146341463415
  },
  "incorrect_blocks": {
    "n": 60,
    "before_entropy_mean": 1.010539319117864,
    "meta_entropy_mean": 0.7424945587913195,
    "after_entropy_mean": 0.6706922757128875,
    "delta_entropy_mean": -0.3398470434049765,
    "delta_entropy_std": 0.40169531588027546,
    "before_surprisal_mean": 0.5940316836039226,
    "meta_surprisal_mean": 0.44677586009105047,
    "after_surprisal_mean": 0.3470716158548991,
    "delta_surprisal_mean": -0.24696006774902343,
    "delta_surprisal_std": 0.696988266881151,
    "meta_length_tokens_mean": 82.1
  },
  "all_samples": {
    "n": 100,
    "avg_before_entropy": 1.0285971871763468,
    "avg_meta_entropy": 0.7314947052575007,
    "avg_after_entropy": 0.6196751002967358,
    "avg_delta": -0.408922086879611,
    "avg_before_surprisal": 0.6187053611688316,
    "avg_meta_surprisal": 0.4416490141725808,
    "avg_after_surprisal": 0.3192608516290784,
    "avg_delta_surprisal": -0.2994445095397532,
    "full_sequence_entropy": 0.39632404789328574,
    "full_sequence_surprisal": 0.2386027031391859
  },
  "correct_sample_stats": {
    "n": 40,
    "avg_before_entropy": 1.055683989264071,
    "avg_meta_entropy": 0.7149949249567726,
    "avg_after_entropy": 0.5431493371725082,
    "avg_delta": -0.5125346520915628,
    "avg_before_surprisal": 0.6557158775161952,
    "avg_meta_surprisal": 0.43395874529487627,
    "avg_after_surprisal": 0.27754470529034736,
    "avg_delta_surprisal": -0.37817117222584784,
    "full_sequence_entropy": 0.3949458122253418,
    "full_sequence_surprisal": 0.2386203482747078
  },
  "incorrect_sample_stats": {
    "n": 60,
    "avg_before_entropy": 1.010539319117864,
    "avg_meta_entropy": 0.7424945587913195,
    "avg_after_entropy": 0.6706922757128875,
    "avg_delta": -0.3398470434049765,
    "avg_before_surprisal": 0.5940316836039226,
    "avg_meta_surprisal": 0.44677586009105047,
    "avg_after_surprisal": 0.3470716158548991,
    "avg_delta_surprisal": -0.24696006774902343,
    "full_sequence_entropy": 0.3972428716719151,
    "full_sequence_surprisal": 0.23859093971550466
  },
  "config": {
    "model_path": "checkpoints/v6_clean_10k_E19",
    "eval_parquet": "results/eval_v6_E19/eval_v6_clean_10k_E19.parquet",
    "max_samples": 100,
    "window": 8,
    "max_seq_len": 8192,
    "dtype": "bfloat16",
    "elapsed_seconds": 17.3
  }
}