{
  "rows": 1030,
  "accuracy": 0.7592233009708738,
  "meta_block_count_dist": {
    "0": 1030
  },
  "meta_emission_rate": 0.0,
  "marker_accuracy": {
    "overall": {
      "has_verify": {
        "n_present": 186,
        "acc_present": 0.532258064516129,
        "n_absent": 844,
        "acc_absent": 0.8092417061611374
      },
      "has_redirect": {
        "n_present": 79,
        "acc_present": 0.3291139240506329,
        "n_absent": 951,
        "acc_absent": 0.7949526813880127
      },
      "has_diagnosis": {
        "n_present": 56,
        "acc_present": 0.3392857142857143,
        "n_absent": 974,
        "acc_absent": 0.7833675564681725
      },
      "has_epistemic": {
        "n_present": 99,
        "acc_present": 0.3939393939393939,
        "n_absent": 931,
        "acc_absent": 0.7980665950590763
      }
    },
    "hard": {
      "has_verify": {
        "n_present": 184,
        "acc_present": 0.532608695652174,
        "n_absent": 346,
        "acc_absent": 0.638728323699422
      },
      "has_redirect": {
        "n_present": 77,
        "acc_present": 0.3116883116883117,
        "n_absent": 453,
        "acc_absent": 0.6512141280353201
      },
      "has_diagnosis": {
        "n_present": 55,
        "acc_present": 0.32727272727272727,
        "n_absent": 475,
        "acc_absent": 0.6336842105263157
      },
      "has_epistemic": {
        "n_present": 97,
        "acc_present": 0.4020618556701031,
        "n_absent": 433,
        "acc_absent": 0.6466512702078522
      }
    },
    "gsm8k": {
      "has_verify": {
        "n_present": 2,
        "acc_present": 0.5,
        "n_absent": 498,
        "acc_absent": 0.927710843373494
      },
      "has_redirect": {
        "n_present": 2,
        "acc_present": 1.0,
        "n_absent": 498,
        "acc_absent": 0.9257028112449799
      },
      "has_diagnosis": {
        "n_present": 1,
        "acc_present": 1.0,
        "n_absent": 499,
        "acc_absent": 0.9258517034068137
      },
      "has_epistemic": {
        "n_present": 2,
        "acc_present": 0.0,
        "n_absent": 498,
        "acc_absent": 0.929718875502008
      }
    }
  },
  "by_benchmark": {
    "aime2024": {
      "n": 30,
      "accuracy": 0.3333333333333333,
      "verify_rate": 0.8333333333333334,
      "redirect_rate": 0.5666666666666667,
      "diagnosis_rate": 0.36666666666666664,
      "epistemic_rate": 0.6333333333333333
    },
    "gsm8k": {
      "n": 500,
      "accuracy": 0.926,
      "verify_rate": 0.004,
      "redirect_rate": 0.004,
      "diagnosis_rate": 0.002,
      "epistemic_rate": 0.004
    },
    "math500": {
      "n": 500,
      "accuracy": 0.618,
      "verify_rate": 0.318,
      "redirect_rate": 0.12,
      "diagnosis_rate": 0.088,
      "epistemic_rate": 0.156
    }
  },
  "artifact_source": "results/step300_deep_analysis/base_step300.parquet"
}
