{
  "baseline": {
    "rows": 1560,
    "accuracy": 0.7551282051282051,
    "hard_accuracy": 0.5018867924528302,
    "ood_accuracy": 0.26666666666666666,
    "meta_emission_rate": 0.0,
    "avg_num_meta_blocks": 0.0,
    "avg_completion_length_tokens": 248.79294871794872,
    "avg_confidence": null,
    "wrong_high_conf_07": 0.0,
    "diagnosis_rate": 0.013461538461538462,
    "study_need_rate": 0.0,
    "epistemic_rate": 0.00641025641025641,
    "ece": null,
    "benchmark_breakdown": {
      "aime2024": {
        "rows": 30,
        "accuracy": 0.26666666666666666,
        "meta_emission_rate": 0.0,
        "wrong_high_conf_07": 0.0,
        "ece": null
      },
      "gsm8k": {
        "rows": 1030,
        "accuracy": 0.8854368932038835,
        "meta_emission_rate": 0.0,
        "wrong_high_conf_07": 0.0,
        "ece": null
      },
      "math500": {
        "rows": 500,
        "accuracy": 0.516,
        "meta_emission_rate": 0.0,
        "wrong_high_conf_07": 0.0,
        "ece": null
      }
    }
  },
  "candidate": {
    "rows": 1560,
    "accuracy": 0.7538461538461538,
    "hard_accuracy": 0.4981132075471698,
    "ood_accuracy": 0.16666666666666666,
    "meta_emission_rate": 0.9993589743589744,
    "avg_num_meta_blocks": 0.9993589743589744,
    "avg_completion_length_tokens": 323.1717948717949,
    "avg_confidence": 0.6245670301475305,
    "wrong_high_conf_07": 0.08653846153846154,
    "diagnosis_rate": 0.0532051282051282,
    "study_need_rate": 0.30128205128205127,
    "epistemic_rate": 0.01217948717948718,
    "ece": 0.12976266837716482,
    "benchmark_breakdown": {
      "aime2024": {
        "rows": 30,
        "accuracy": 0.16666666666666666,
        "meta_emission_rate": 1.0,
        "wrong_high_conf_07": 0.0,
        "ece": 0.07366666666666677
      },
      "gsm8k": {
        "rows": 1030,
        "accuracy": 0.8854368932038835,
        "meta_emission_rate": 1.0,
        "wrong_high_conf_07": 0.11165048543689321,
        "ece": 0.12144660194174751
      },
      "math500": {
        "rows": 500,
        "accuracy": 0.518,
        "meta_emission_rate": 0.998,
        "wrong_high_conf_07": 0.04,
        "ece": 0.168937875751503
      }
    }
  },
  "delta": {
    "rows": 0,
    "accuracy": -0.0012820512820512775,
    "hard_accuracy": -0.0037735849056603765,
    "ood_accuracy": -0.1,
    "meta_emission_rate": 0.9993589743589744,
    "avg_num_meta_blocks": 0.9993589743589744,
    "avg_completion_length_tokens": 74.37884615384615,
    "wrong_high_conf_07": 0.08653846153846154,
    "diagnosis_rate": 0.03974358974358974,
    "study_need_rate": 0.30128205128205127,
    "epistemic_rate": 0.0057692307692307696
  }
}
